"Position","Name","Salary","GameInfo","AvgPointsPerGame"
"SP","Jose Fernandez",12600,"Was@Mia 07:10PM ET",21.433
"SP","Yu Darvish",12200,"Sea@Tex 08:05PM ET",30.875
"SP","Stephen Strasburg",12000,"Was@Mia 07:10PM ET",22.817
"SP","Max Scherzer",11900,"Cle@Det 07:08PM ET",23.467
"SP","Felix Hernandez",11800,"Sea@Tex 08:05PM ET",33.067
"SP","Justin Verlander",11800,"Cle@Det 07:08PM ET",16.750
"SP","Chris Sale",11600,"Bos@CWS 08:10PM ET",24.117
"SP","R.A. Dickey",11000,"Tor@Min 08:10PM ET",11.933
"SP","Adam Wainwright",11000,"StL@Mil 08:10PM ET",26.217
"SP","Gio Gonzalez",11000,"Was@Mia 07:10PM ET",18.233
"SP","Zack Greinke",10900,"LAD@SF 10:15PM ET",23.317
"SP","Cliff Lee",10800,"Atl@Phi 07:05PM ET",12.833
"SP","Madison Bumgarner",10800,"LAD@SF 10:15PM ET",18.650
"SP","C.J. Wilson",10800,"Oak@LAA 10:05PM ET",23.367
"SP","James Shields",10700,"KC@Hou 08:10PM ET",15.850
"SP","Jon Lester",10700,"Bos@CWS 08:10PM ET",21.817
"SP","Marco Estrada",10600,"StL@Mil 08:10PM ET",19.925
"SP","David Price",10500,"TB@Bal 07:05PM ET",24.517
"SP","Andrew Cashner",10400,"Col@SD 10:10PM ET",28.017
"SP","Ervin Santana",10400,"Atl@Phi 07:05PM ET",32.200
"SP","Gerrit Cole",10300,"Pit@Cin 07:10PM ET",21.825
"SP","Masahiro Tanaka",10200,"ChC@NYY 07:05PM ET",26.550
"SP","Tyler Skaggs",9900,"Oak@LAA 10:05PM ET",19.675
"SP","Anibal Sanchez",9800,"Cle@Det 07:08PM ET",12.525
"SP","Tim Hudson",9800,"LAD@SF 10:15PM ET",23.383
"SP","Jordan Zimmermann",9800,"Was@Mia 07:10PM ET",7.000
"SP","Francisco Liriano",9800,"Pit@Cin 07:10PM ET",17.767
"SP","Jeff Samardzija",9700,"ChC@NYY 07:05PM ET",19.150
"SP","Dan Haren",9600,"LAD@SF 10:15PM ET",19.650
"SP","Kyle Lohse",9500,"StL@Mil 08:10PM ET",22.900
"SP","Matt Garza",9400,"StL@Mil 08:10PM ET",18.850
"SP","Tony Cingrani",9400,"Pit@Cin 07:10PM ET",20.533
"SP","Bartolo Colon",9400,"NYM@Ari 09:40PM ET",9.233
"RP","Yusmeiro Petit",9300,"LAD@SF 10:15PM ET",3.430
"SP","Jose Quintana",9300,"Bos@CWS 08:10PM ET",19.850
"SP","Matt Cain",9300,"LAD@SF 10:15PM ET",12.433
"SP","Yovani Gallardo",9200,"StL@Mil 08:10PM ET",20.000
"SP","Dan Straily",9200,"Oak@LAA 10:05PM ET",21.025
"SP","CC Sabathia",9200,"ChC@NYY 07:05PM ET",15.450
"SP","Johnny Cueto",9100,"Pit@Cin 07:10PM ET",23.550
"SP","Jered Weaver",9000,"Oak@LAA 10:05PM ET",12.933
"SP","Robbie Erlin",9000,"Col@SD 10:10PM ET",14.300
"SP","Danny Salazar",9000,"Cle@Det 07:08PM ET",12.100
"SP","Scott Kazmir",9000,"Oak@LAA 10:05PM ET",24.833
"SP","Martin Perez",9000,"Sea@Tex 08:05PM ET",16.467
"SP","John Lackey",8900,"Bos@CWS 08:10PM ET",18.467
"SP","Chris Archer",8900,"TB@Bal 07:05PM ET",21.425
"SP","Sonny Gray",8900,"Oak@LAA 10:05PM ET",23.650
"SP","Michael Wacha",8800,"StL@Mil 08:10PM ET",22.250
"SP","Mark Buehrle",8800,"Tor@Min 08:10PM ET",25.083
"SP","Wade Miley",8700,"NYM@Ari 09:40PM ET",13.763
"SP","Michael Pineda",8700,"ChC@NYY 07:05PM ET",22.200
"SP","Tim Lincecum",8700,"LAD@SF 10:15PM ET",7.450
"RP","Tanner Roark",8700,"Was@Mia 07:10PM ET",9.600
"SP","Nathan Eovaldi",8600,"Was@Mia 07:10PM ET",18.300
"SP","Jake Peavy",8600,"Bos@CWS 08:10PM ET",18.750
"SP","Ubaldo Jimenez",8600,"TB@Bal 07:05PM ET",5.200
"SP","Clay Buchholz",8600,"Bos@CWS 08:10PM ET",6.625
"SP","Travis Wood",8500,"ChC@NYY 07:05PM ET",14.917
"SP","Mike Leake",8400,"Pit@Cin 07:10PM ET",16.600
"SP","Hiroki Kuroda",8400,"ChC@NYY 07:05PM ET",16.467
"SP","Chris Tillman",8400,"TB@Bal 07:05PM ET",22.400
"SP","Alexi Ogando",8400,"Sea@Tex 08:05PM ET",3.058
"SP","Aaron Harang",8300,"Atl@Phi 07:05PM ET",23.667
"SP","Shelby Miller",8300,"StL@Mil 08:10PM ET",6.050
"SP","Justin Masterson",8300,"Cle@Det 07:08PM ET",9.033
"SP","Jason Vargas",8200,"KC@Hou 08:10PM ET",19.367
"SP","Jenrry Mejia",8200,"NYM@Ari 09:40PM ET",18.675
"SP","Eric Stults",8200,"Col@SD 10:10PM ET",4.375
"SP","Lance Lynn",8200,"StL@Mil 08:10PM ET",13.975
"SP","Ian Kennedy",8100,"Col@SD 10:10PM ET",15.617
"SP","Jeremy Guthrie",8100,"KC@Hou 08:10PM ET",14.850
"SP","Homer Bailey",8100,"Pit@Cin 07:10PM ET",4.200
"SP","Julio Teheran",8000,"Atl@Phi 07:05PM ET",12.183
"SP","Wandy Rodriguez",8000,"Pit@Cin 07:10PM ET",10.975
"SP","Hector Santiago",8000,"Oak@LAA 10:05PM ET",6.800
"SP","Jonathon Niese",8000,"NYM@Ari 09:40PM ET",14.425
"SP","Ivan Nova",7900,"ChC@NYY 07:05PM ET",6.967
"SP","Zack Wheeler",7900,"NYM@Ari 09:40PM ET",12.275
"SP","Hyun-jin Ryu",7900,"LAD@SF 10:15PM ET",18.363
"SP","Wei-Yin Chen",7800,"TB@Bal 07:05PM ET",7.700
"SP","David Hale",7700,"Atl@Phi 07:05PM ET",8.400
"SP","Paul Maholm",7700,"LAD@SF 10:15PM ET",-0.050
"SP","Brandon Morrow",7600,"Tor@Min 08:10PM ET",16.175
"SP","A.J. Burnett",7600,"Atl@Phi 07:05PM ET",7.400
"SP","Dillon Gee",7600,"NYM@Ari 09:40PM ET",12.150
"SP","Ryan Vogelsong",7500,"LAD@SF 10:15PM ET",5.425
"SP","John Danks",7500,"Bos@CWS 08:10PM ET",15.525
"RP","Yordano Ventura",7500,"KC@Hou 08:10PM ET",24.300
"SP","Roenis Elias",7500,"Sea@Tex 08:05PM ET",9.950
"SP","Zach McAllister",7400,"Cle@Det 07:08PM ET",18.625
"SP","Wily Peralta",7400,"StL@Mil 08:10PM ET",18.600
"SP","Tommy Milone",7400,"Oak@LAA 10:05PM ET",12.650
"SP","Jason Hammel",7300,"ChC@NYY 07:05PM ET",24.275
"SP","Roberto Hernandez",7300,"Atl@Phi 07:05PM ET",19.025
"SP","Ricky Nolasco",7300,"Tor@Min 08:10PM ET",7.700
"SP","Tyson Ross",7200,"Col@SD 10:10PM ET",15.600
"SP","Corey Kluber",7200,"Cle@Det 07:08PM ET",12.233
"SP","Josh Beckett",7200,"LAD@SF 10:15PM ET",6.800
"SP","Tom Koehler",7200,"Was@Mia 07:10PM ET",14.000
"SP","Edinson Volquez",7100,"Pit@Cin 07:10PM ET",13.633
"SP","Kyle Kendrick",7100,"Atl@Phi 07:05PM ET",12.967
"SP","Kevin Slowey",7100,"Was@Mia 07:10PM ET",6.767
"SP","Henderson Alvarez",7000,"Was@Mia 07:10PM ET",6.600
"SP","Colby Lewis",7000,"Sea@Tex 08:05PM ET",0
"SP","Taylor Jordan",7000,"Was@Mia 07:10PM ET",8.750
"SP","Garrett Richards",7000,"Oak@LAA 10:05PM ET",25.900
"SP","Miguel Gonzalez",6900,"TB@Bal 07:05PM ET",-1.500
"SP","Jesse Chavez",6900,"Oak@LAA 10:05PM ET",21.725
"SP","Bud Norris",6900,"TB@Bal 07:05PM ET",9.400
"SP","Charlie Morton",6800,"Pit@Cin 07:10PM ET",13.917
"RP","Justin Grimm",6800,"ChC@NYY 07:05PM ET",4.621
"RP","Wade Davis",6800,"KC@Hou 08:10PM ET",4.375
"SP","Ross Detwiler",6700,"Was@Mia 07:10PM ET",4.860
"SP","Juan Nicasio",6700,"Col@SD 10:10PM ET",18.000
"SP","Randall Delgado",6700,"NYM@Ari 09:40PM ET",-0.313
"SP","Alex Wood",6700,"Atl@Phi 07:05PM ET",21.383
"SP","Jarred Cosart",6600,"KC@Hou 08:10PM ET",15.500
"SP","Phil Hughes",6600,"Tor@Min 08:10PM ET",8.150
"SP","Trevor Cahill",6600,"NYM@Ari 09:40PM ET",3.588
"SP","Mike Pelfrey",6500,"Tor@Min 08:10PM ET",2.925
"SP","Erik Bedard",6500,"TB@Bal 07:05PM ET",2.700
"SP","Zach Britton",6500,"TB@Bal 07:05PM ET",6.750
"SP","Brett Oberholtzer",6500,"KC@Hou 08:10PM ET",15.233
"SP","Jordan Lyles",6500,"Col@SD 10:10PM ET",16.925
"SP","Bruce Chen",6400,"KC@Hou 08:10PM ET",9.450
"SP","Jake Odorizzi",6400,"TB@Bal 07:05PM ET",10.275
"SP","Edwin Jackson",6400,"ChC@NYY 07:05PM ET",7.600
"RP","Robbie Ross",6300,"Sea@Tex 08:05PM ET",15.525
"SP","Carlos Villanueva",6300,"ChC@NYY 07:05PM ET",0.100
"SP","Bronson Arroyo",6300,"NYM@Ari 09:40PM ET",8.000
"SP","Kevin Correia",6200,"Tor@Min 08:10PM ET",8.533
"RP","Erik Johnson",6200,"Bos@CWS 08:10PM ET",-0.875
"SP","Erasmo Ramirez",6100,"Sea@Tex 08:05PM ET",8.133
"SP","Felix Doubront",6100,"Bos@CWS 08:10PM ET",5.133
"SP","Brett Anderson",6100,"Col@SD 10:10PM ET",6.383
"OF","Ryan Braun",6000,"StL@Mil 08:10PM ET",10.818
"RP","Josh Collmenter",6000,"NYM@Ari 09:40PM ET",4.350
"SP","Rick Porcello",6000,"Cle@Det 07:08PM ET",14.125
"SP","Tyler Chatwood",6000,"Col@SD 10:10PM ET",11.300
"SP","Brandon McCarthy",5900,"NYM@Ari 09:40PM ET",5.550
"RP","Brad Hand",5900,"Was@Mia 07:10PM ET",6.917
"SP","Vidal Nuno",5900,"ChC@NYY 07:05PM ET",-0.483
"RP","Alfredo Simon",5900,"Pit@Cin 07:10PM ET",23.275
"SP","Joe Kelly",5900,"StL@Mil 08:10PM ET",15.650
"SP","Todd Redmond",5800,"Tor@Min 08:10PM ET",7.288
"OF","Justin Upton",5800,"Atl@Phi 07:05PM ET",11.500
"1B","Adrian Gonzalez",5800,"LAD@SF 10:15PM ET",11.692
"RP","Carlos Martinez",5700,"StL@Mil 08:10PM ET",2.975
"RP","Chris Capuano",5700,"Bos@CWS 08:10PM ET",4.370
"SP","Lucas Harrell",5700,"KC@Hou 08:10PM ET",-1.750
"SS","Hanley Ramirez",5700,"LAD@SF 10:15PM ET",9.846
"SP","Jorge De La Rosa",5700,"Col@SD 10:10PM ET",6.883
"OF","Carlos Beltran",5600,"ChC@NYY 07:05PM ET",9.083
"SP","Tyler Thornburg",5600,"StL@Mil 08:10PM ET",6.808
"RP","Chad Bettis",5600,"Col@SD 10:10PM ET",1.590
"SP","Ryan Rowland-Smith",5600,"NYM@Ari 09:40PM ET",2.240
"OF","Carlos Gonzalez",5600,"Col@SD 10:10PM ET",12.333
"SP","Chris Young",5600,"Sea@Tex 08:05PM ET",10.900
"SP","Dallas Keuchel",5500,"KC@Hou 08:10PM ET",16.400
"SP","Felipe Paulino",5500,"Bos@CWS 08:10PM ET",3.467
"SP","Danny Duffy",5500,"KC@Hou 08:10PM ET",11.250
"SP","Kyle Gibson",5500,"Tor@Min 08:10PM ET",15.950
"OF","Mike Trout",5500,"Oak@LAA 10:05PM ET",10.583
"SP","Jose Alvarez",5500,"Oak@LAA 10:05PM ET",0
"RP","Drew Smyly",5500,"Cle@Det 07:08PM ET",13.850
"SP","Drew Pomeranz",5500,"Oak@LAA 10:05PM ET",3.150
"SP","Yoslan Herrera",5500,"Oak@LAA 10:05PM ET",1.650
"SP","J.A. Happ",5500,"Tor@Min 08:10PM ET",0
"SP","Jonathan Pettibone",5400,"Atl@Phi 07:05PM ET",13.850
"2B","Chase Utley",5400,"Atl@Phi 07:05PM ET",14.100
"SP","Carlos Carrasco",5300,"Cle@Det 07:08PM ET",8.625
"RP","Blake Beavan",5300,"Sea@Tex 08:05PM ET",0
"1B","Freddie Freeman",5300,"Atl@Phi 07:05PM ET",12.417
"OF","Carlos Gomez",5200,"StL@Mil 08:10PM ET",12.083
"SS","Troy Tulowitzki",5200,"Col@SD 10:10PM ET",8.091
"1B","Paul Goldschmidt",5200,"NYM@Ari 09:40PM ET",9.533
"OF","Jayson Werth",5200,"Was@Mia 07:10PM ET",9.833
"1B","Albert Pujols",5200,"Oak@LAA 10:05PM ET",8.583
"SP","Drew Hutchison",5200,"Tor@Min 08:10PM ET",13.933
"C","Yadier Molina",5100,"StL@Mil 08:10PM ET",9.250
"1B","Joey Votto",5100,"Pit@Cin 07:10PM ET",7.750
"SP","John Lannan",5100,"NYM@Ari 09:40PM ET",-0.480
"1B/3B","Miguel Cabrera",5100,"Cle@Det 07:08PM ET",5.600
"RP","Carlos Torres",5000,"NYM@Ari 09:40PM ET",5.250
"RP","Adam Warren",5000,"ChC@NYY 07:05PM ET",4.183
"RP","Samuel Deduno",5000,"Tor@Min 08:10PM ET",5.700
"RP","David Huff",5000,"LAD@SF 10:15PM ET",3.130
"1B","Jose Abreu",5000,"Bos@CWS 08:10PM ET",10.769
"RP","Greg Holland",5000,"KC@Hou 08:10PM ET",2.680
"RP","Shawn Tolleson",5000,"Sea@Tex 08:05PM ET",2.725
"RP","Franklin Morales",5000,"Col@SD 10:10PM ET",4.700
"SP","Jeff Manship",5000,"Atl@Phi 07:05PM ET",1.275
"SP","Esmil Rogers",5000,"Tor@Min 08:10PM ET",2.392
"RP","Jeanmar Gomez",5000,"Pit@Cin 07:10PM ET",3.517
"RP","Anthony Bass",5000,"KC@Hou 08:10PM ET",0.760
"SP","Brad Peacock",5000,"KC@Hou 08:10PM ET",5.817
"SP","Josh Stinson",5000,"TB@Bal 07:05PM ET",-0.050
"3B","Pedro Alvarez",5000,"Pit@Cin 07:10PM ET",9.833
"SS","Alexei Ramirez",5000,"Bos@CWS 08:10PM ET",12.385
"SP","David Phelps",5000,"ChC@NYY 07:05PM ET",3.770
"SP","Jerome Williams",5000,"KC@Hou 08:10PM ET",2.638
"RP","Will Smith",5000,"StL@Mil 08:10PM ET",4.007
"2B/3B","Matt Carpenter",4900,"StL@Mil 08:10PM ET",9.083
"RP","Cesar Ramos",4900,"TB@Bal 07:05PM ET",1.220
"OF","Jose Bautista",4900,"Tor@Min 08:10PM ET",10.462
"1B","Chris Davis",4900,"TB@Bal 07:05PM ET",8.000
"OF","Christian Yelich",4900,"Was@Mia 07:10PM ET",9.455
"2B/SS","Brian Dozier",4900,"Tor@Min 08:10PM ET",10.833
"SS","Jimmy Rollins",4900,"Atl@Phi 07:05PM ET",10.900
"1B","David Ortiz",4800,"Bos@CWS 08:10PM ET",6.846
"OF","Torii Hunter",4800,"Cle@Det 07:08PM ET",10.375
"3B","Evan Longoria",4800,"TB@Bal 07:05PM ET",6.923
"3B","Aramis Ramirez",4800,"StL@Mil 08:10PM ET",8.750
"OF","Bryce Harper",4800,"Was@Mia 07:10PM ET",6.545
"OF","Adam Eaton",4800,"Bos@CWS 08:10PM ET",10.462
"3B","Josh Donaldson",4800,"Oak@LAA 10:05PM ET",8.083
"2B/OF","Emilio Bonifacio",4800,"ChC@NYY 07:05PM ET",11.727
"2B/SS","Dee Gordon",4800,"LAD@SF 10:15PM ET",12.000
"OF","Jason Heyward",4800,"Atl@Phi 07:05PM ET",7.833
"OF","Shin-Soo Choo",4800,"Sea@Tex 08:05PM ET",7.583
"RP","Tanner Scheppers",4700,"Sea@Tex 08:05PM ET",4.200
"C","Buster Posey",4700,"LAD@SF 10:15PM ET",8.333
"OF","Andrew McCutchen",4700,"Pit@Cin 07:10PM ET",7.667
"OF/SS","Billy Hamilton",4700,"Pit@Cin 07:10PM ET",4.091
"OF","Matt Holliday",4700,"StL@Mil 08:10PM ET",7.167
"1B","Anthony Rizzo",4700,"ChC@NYY 07:05PM ET",9.083
"OF","Giancarlo Stanton",4700,"Was@Mia 07:10PM ET",11.538
"1B/3B","Mark Reynolds",4700,"StL@Mil 08:10PM ET",10.500
"OF","Melky Cabrera",4700,"Tor@Min 08:10PM ET",10.154
"OF","Eric Young",4700,"NYM@Ari 09:40PM ET",8.273
"OF","Matt Kemp",4700,"LAD@SF 10:15PM ET",9.571
"OF","Adam Jones",4700,"TB@Bal 07:05PM ET",6.667
"SS","Starlin Castro",4600,"ChC@NYY 07:05PM ET",7.583
"2B","Ian Kinsler",4600,"Cle@Det 07:08PM ET",9.000
"OF","Jacoby Ellsbury",4600,"ChC@NYY 07:05PM ET",8.846
"1B/OF","Michael Cuddyer",4600,"Col@SD 10:10PM ET",10.667
"OF","Delmon Young",4600,"TB@Bal 07:05PM ET",9.167
"OF","Alfonso Soriano",4600,"ChC@NYY 07:05PM ET",6.750
"OF","Gerardo Parra",4600,"NYM@Ari 09:40PM ET",7.467
"1B/OF","Mark Trumbo",4600,"NYM@Ari 09:40PM ET",10.400
"2B","Derek Dietrich",4500,"Was@Mia 07:10PM ET",10.000
"OF","Austin Jackson",4500,"Cle@Det 07:08PM ET",8.200
"2B","Jason Kipnis",4500,"Cle@Det 07:08PM ET",8.923
"3B/C","Carlos Santana",4500,"Cle@Det 07:08PM ET",5.385
"2B/OF","Ben Zobrist",4500,"TB@Bal 07:05PM ET",8.538
"2B/3B","Anthony Rendon",4500,"Was@Mia 07:10PM ET",9.750
"C","Matt Wieters",4500,"TB@Bal 07:05PM ET",9.100
"1B/C","Joe Mauer",4500,"Tor@Min 08:10PM ET",8.167
"OF","Colby Rasmus",4500,"Tor@Min 08:10PM ET",6.846
"1B/C","Mike Napoli",4400,"Bos@CWS 08:10PM ET",8.769
"SS","Asdrubal Cabrera",4400,"Cle@Det 07:08PM ET",6.000
"OF","Michael Morse",4400,"LAD@SF 10:15PM ET",8.462
"OF","Yasiel Puig",4400,"LAD@SF 10:15PM ET",7.500
"OF","Hunter Pence",4400,"LAD@SF 10:15PM ET",5.846
"3B","David Wright",4400,"NYM@Ari 09:40PM ET",5.833
"C","Russell Martin",4400,"Pit@Cin 07:10PM ET",9.375
"OF","Angel Pagan",4400,"LAD@SF 10:15PM ET",10.667
"OF","Coco Crisp",4400,"Oak@LAA 10:05PM ET",9.750
"OF","Jay Bruce",4400,"Pit@Cin 07:10PM ET",8.167
"1B","Justin Morneau",4300,"Col@SD 10:10PM ET",6.364
"OF","Alex Gordon",4300,"KC@Hou 08:10PM ET",7.273
"C","Brian McCann",4300,"ChC@NYY 07:05PM ET",5.583
"2B","Dustin Pedroia",4300,"Bos@CWS 08:10PM ET",4.583
"1B/OF","Chris Colabello",4300,"Tor@Min 08:10PM ET",8.250
"OF","Nick Markakis",4300,"TB@Bal 07:05PM ET",5.417
"SS","Everth Cabrera",4300,"Col@SD 10:10PM ET",6.750
"1B/OF","Brandon Moss",4300,"Oak@LAA 10:05PM ET",7.583
"SS","Ian Desmond",4300,"Was@Mia 07:10PM ET",8.167
"OF","Carl Crawford",4200,"LAD@SF 10:15PM ET",8.111
"OF","Peter Bourjos",4200,"StL@Mil 08:10PM ET",5.700
"1B","Adam LaRoche",4200,"Was@Mia 07:10PM ET",10.417
"2B","Kolten Wong",4200,"StL@Mil 08:10PM ET",6.833
"SS","Jean Segura",4200,"StL@Mil 08:10PM ET",7.000
"OF","Starling Marte",4200,"Pit@Cin 07:10PM ET",7.750
"1B","Prince Fielder",4200,"Sea@Tex 08:05PM ET",4.083
"OF","Dexter Fowler",4200,"KC@Hou 08:10PM ET",6.667
"1B","Edwin Encarnacion",4200,"Tor@Min 08:10PM ET",5.923
"OF","Grady Sizemore",4200,"Bos@CWS 08:10PM ET",8.100
"3B","Chase Headley",4200,"Col@SD 10:10PM ET",4.818
"2B/SS","Marcus Semien",4200,"Bos@CWS 08:10PM ET",8.667
"1B","Brandon Belt",4200,"LAD@SF 10:15PM ET",9.750
"OF","Nelson Cruz",4200,"TB@Bal 07:05PM ET",7.636
"OF","David Murphy",4200,"Cle@Det 07:08PM ET",8.727
"OF","Rajai Davis",4100,"Cle@Det 07:08PM ET",11.000
"OF","Raul Ibanez",4100,"Oak@LAA 10:05PM ET",8.900
"1B/2B","Daniel Murphy",4100,"NYM@Ari 09:40PM ET",5.800
"OF","Jackie Bradley Jr.",4100,"Bos@CWS 08:10PM ET",6.083
"2B/SS","Jed Lowrie",4100,"Oak@LAA 10:05PM ET",7.417
"1B","Ryan Howard",4100,"Atl@Phi 07:05PM ET",7.667
"SS","Elvis Andrus",4100,"Sea@Tex 08:05PM ET",7.917
"OF","Jason Kubel",4100,"Tor@Min 08:10PM ET",9.000
"1B","Corey Hart",4100,"Sea@Tex 08:05PM ET",7.875
"OF","Norichika Aoki",4100,"KC@Hou 08:10PM ET",6.500
"C","Josmil Pinto",4000,"Tor@Min 08:10PM ET",8.375
"1B","Adam Dunn",4000,"Bos@CWS 08:10PM ET",8.700
"2B/3B","Neil Walker",4000,"Pit@Cin 07:10PM ET",6.750
"OF","Curtis Granderson",4000,"NYM@Ari 09:40PM ET",6.500
"OF","Yoenis Cespedes",4000,"Oak@LAA 10:05PM ET",7.333
"1B","Victor Martinez",4000,"Cle@Det 07:08PM ET",6.900
"OF","Kole Calhoun",4000,"Oak@LAA 10:05PM ET",7.917
"OF","Junior Lake",4000,"ChC@NYY 07:05PM ET",6.250
"2B/3B","Martin Prado",4000,"NYM@Ari 09:40PM ET",5.800
"OF","Michael Brantley",4000,"Cle@Det 07:08PM ET",7.615
"2B","Aaron Hill",4000,"NYM@Ari 09:40PM ET",6.267
"OF","Alex Rios",3900,"Sea@Tex 08:05PM ET",8.083
"C","Jonathan Lucroy",3900,"StL@Mil 08:10PM ET",8.818
"1B","Matt Adams",3900,"StL@Mil 08:10PM ET",6.667
"OF","Brett Gardner",3900,"ChC@NYY 07:05PM ET",7.333
"2B","Robinson Cano",3900,"Sea@Tex 08:05PM ET",6.727
"3B/SS","Xander Bogaerts",3800,"Bos@CWS 08:10PM ET",5.154
"3B","Conor Gillaspie",3800,"Bos@CWS 08:10PM ET",8.000
"1B","Yonder Alonso",3800,"Col@SD 10:10PM ET",5.083
"OF","Desmond Jennings",3800,"TB@Bal 07:05PM ET",7.077
"1B","Billy Butler",3800,"KC@Hou 08:10PM ET",3.818
"OF","Khris Davis",3800,"StL@Mil 08:10PM ET",6.182
"1B","Eric Hosmer",3800,"KC@Hou 08:10PM ET",4.909
"OF","Marcell Ozuna",3800,"Was@Mia 07:10PM ET",6.615
"SS","Brandon Crawford",3800,"LAD@SF 10:15PM ET",8.583
"C","Jarrod Saltalamacchia",3800,"Was@Mia 07:10PM ET",6.417
"2B/3B","Jedd Gyorko",3800,"Col@SD 10:10PM ET",5.250
"2B","Howie Kendrick",3800,"Oak@LAA 10:05PM ET",7.167
"OF","Robbie Grossman",3800,"KC@Hou 08:10PM ET",5.846
"2B/3B","DJ LeMahieu",3800,"Col@SD 10:10PM ET",6.231
"2B","Jonathan Schoop",3800,"TB@Bal 07:05PM ET",5.727
"3B/OF","Nick Castellanos",3800,"Cle@Det 07:08PM ET",7.143
"3B","Pablo Sandoval",3800,"LAD@SF 10:15PM ET",6.538
"2B","Brandon Phillips",3700,"Pit@Cin 07:10PM ET",5.917
"1B/OF","Nick Swisher",3700,"Cle@Det 07:08PM ET",6.615
"OF","Ben Revere",3700,"Atl@Phi 07:05PM ET",7.500
"3B","Nolan Arenado",3700,"Col@SD 10:10PM ET",7.000
"C","Wilin Rosario",3700,"Col@SD 10:10PM ET",5.500
"2B/OF","Kelly Johnson",3700,"ChC@NYY 07:05PM ET",7.333
"OF","Andre Ethier",3700,"LAD@SF 10:15PM ET",5.769
"C","Tyler Flowers",3700,"Bos@CWS 08:10PM ET",7.200
"C","Derek Norris",3700,"Oak@LAA 10:05PM ET",5.333
"OF","Daniel Nava",3700,"Bos@CWS 08:10PM ET",4.909
"1B","Adam Lind",3700,"Tor@Min 08:10PM ET",6.917
"OF","Jonny Gomes",3700,"Bos@CWS 08:10PM ET",5.875
"SS","Andrelton Simmons",3700,"Atl@Phi 07:05PM ET",5.909
"1B/OF","Allen Craig",3700,"StL@Mil 08:10PM ET",3.000
"C/OF","Evan Gattis",3700,"Atl@Phi 07:05PM ET",5.875
"OF","Charlie Blackmon",3700,"Col@SD 10:10PM ET",9.923
"1B","Ike Davis",3700,"NYM@Ari 09:40PM ET",4.700
"C","Jason Castro",3700,"KC@Hou 08:10PM ET",6.500
"OF","B.J. Upton",3700,"Atl@Phi 07:05PM ET",4.909
"2B","Jose Altuve",3700,"KC@Hou 08:10PM ET",7.769
"C","Dioner Navarro",3700,"Tor@Min 08:10PM ET",6.167
"3B","Brett Lawrie",3700,"Tor@Min 08:10PM ET",4.154
"1B","Chris Carter",3600,"KC@Hou 08:10PM ET",3.667
"OF","Nate Schierholtz",3600,"ChC@NYY 07:05PM ET",5.800
"C","Devin Mesoraco",3600,"Pit@Cin 07:10PM ET",15.750
"1B/OF","Lucas Duda",3600,"NYM@Ari 09:40PM ET",5.667
"2B","Omar Infante",3600,"KC@Hou 08:10PM ET",5.333
"SS","Brad Miller",3600,"Sea@Tex 08:05PM ET",7.636
"OF","Nyjer Morgan",3600,"Cle@Det 07:08PM ET",7.667
"3B","Alberto Callaspo",3600,"Oak@LAA 10:05PM ET",8.375
"3B","Trevor Plouffe",3600,"Tor@Min 08:10PM ET",8.917
"3B","Lonnie Chisenhall",3600,"Cle@Det 07:08PM ET",7.200
"C","Welington Castillo",3600,"ChC@NYY 07:05PM ET",6.889
"OF","Abraham Almonte",3600,"Sea@Tex 08:05PM ET",6.909
"OF","A.J. Pollock",3600,"NYM@Ari 09:40PM ET",4.867
"2B/3B","Kyle Seager",3600,"Sea@Tex 08:05PM ET",3.800
"OF","Wil Myers",3500,"TB@Bal 07:05PM ET",5.273
"OF","Aaron Hicks",3500,"Tor@Min 08:10PM ET",5.250
"OF","Marlon Byrd",3500,"Atl@Phi 07:05PM ET",6.917
"2B","Brian Roberts",3500,"ChC@NYY 07:05PM ET",4.182
"SS","Derek Jeter",3500,"ChC@NYY 07:05PM ET",5.200
"C","Salvador Perez",3500,"KC@Hou 08:10PM ET",7.000
"3B","Eric Chavez",3500,"NYM@Ari 09:40PM ET",4.000
"3B","Juan Uribe",3500,"LAD@SF 10:15PM ET",7.538
"SS","J.J. Hardy",3500,"TB@Bal 07:05PM ET",2.714
"OF","Lorenzo Cain",3500,"KC@Hou 08:10PM ET",6.700
"OF","Scott Van Slyke",3500,"LAD@SF 10:15PM ET",7.167
"OF","Domonic Brown",3500,"Atl@Phi 07:05PM ET",6.750
"1B/3B","Chris Johnson",3500,"Atl@Phi 07:05PM ET",5.455
"OF","Matt Joyce",3400,"TB@Bal 07:05PM ET",7.417
"C","A.J. Pierzynski",3400,"Bos@CWS 08:10PM ET",5.455
"SS","Jonathan Villar",3400,"KC@Hou 08:10PM ET",6.154
"1B/3B","Todd Frazier",3400,"Pit@Cin 07:10PM ET",6.250
"1B/3B","Mike Olt",3400,"ChC@NYY 07:05PM ET",4.500
"OF","Ryan Ludwick",3400,"Pit@Cin 07:10PM ET",5.600
"1B/OF","Sean Rodriguez",3400,"TB@Bal 07:05PM ET",7.600
"OF","Alejandro De Aza",3400,"Bos@CWS 08:10PM ET",5.667
"C","Yasmani Grandal",3400,"Col@SD 10:10PM ET",5.778
"OF","Alex Presley",3400,"KC@Hou 08:10PM ET",4.333
"C","Travis d'Arnaud",3400,"NYM@Ari 09:40PM ET",4.000
"3B","Mike Moustakas",3400,"KC@Hou 08:10PM ET",3.200
"SS","Jhonny Peralta",3400,"StL@Mil 08:10PM ET",5.091
"SS","Brandon Hicks",3400,"LAD@SF 10:15PM ET",6.667
"C","Miguel Montero",3300,"NYM@Ari 09:40PM ET",5.385
"1B/C","Jordan Pacheco",3300,"Col@SD 10:10PM ET",7.250
"C","Carlos Ruiz",3300,"Atl@Phi 07:05PM ET",7.200
"1B","Justin Smoak",3300,"Sea@Tex 08:05PM ET",7.727
"C","J.P. Arencibia",3300,"Sea@Tex 08:05PM ET",2.286
"OF","David Lough",3300,"TB@Bal 07:05PM ET",5.125
"OF","Dustin Ackley",3300,"Sea@Tex 08:05PM ET",8.900
"2B/3B","Ian Stewart",3300,"Oak@LAA 10:05PM ET",7.400
"1B/3B","Casey McGehee",3300,"Was@Mia 07:10PM ET",7.462
"1B/OF","Garrett Jones",3300,"Was@Mia 07:10PM ET",6.308
"3B","Cody Asche",3300,"Atl@Phi 07:05PM ET",5.273
"2B","Dan Uggla",3300,"Atl@Phi 07:05PM ET",4.545
"1B/OF","Jesus Guzman",3300,"KC@Hou 08:10PM ET",6.714
"SS","Zack Cozart",3300,"Pit@Cin 07:10PM ET",2.600
"OF","L.J. Hoes",3300,"KC@Hou 08:10PM ET",4.714
"C","Yan Gomes",3200,"Cle@Det 07:08PM ET",6.500
"2B/SS","Donnie Murphy",3200,"Sea@Tex 08:05PM ET",4.400
"OF","Travis Snider",3200,"Pit@Cin 07:10PM ET",6.636
"1B","Paul Konerko",3200,"Bos@CWS 08:10PM ET",0.833
"SS","Erick Aybar",3200,"Oak@LAA 10:05PM ET",5.667
"3B","David Freese",3200,"Oak@LAA 10:05PM ET",4.900
"1B/OF","Mitch Moreland",3200,"Sea@Tex 08:05PM ET",5.400
"1B","Gaby Sanchez",3200,"Pit@Cin 07:10PM ET",2.286
"1B","James Loney",3200,"TB@Bal 07:05PM ET",5.667
"SS","Yangervis Solarte",3200,"ChC@NYY 07:05PM ET",7.250
"C","Alex Avila",3200,"Cle@Det 07:08PM ET",2.375
"OF","Jon Jay",3100,"StL@Mil 08:10PM ET",2.889
"OF","Nate McLouth",3100,"Was@Mia 07:10PM ET",1.600
"OF","Michael Choice",3100,"Sea@Tex 08:05PM ET",3.000
"C","Hank Conger",3100,"Oak@LAA 10:05PM ET",9.000
"OF","Josh Reddick",3100,"Oak@LAA 10:05PM ET",2.667
"OF","Juan Lagares",3100,"NYM@Ari 09:40PM ET",7.750
"OF","Dayan Viciedo",3100,"Bos@CWS 08:10PM ET",5.500
"3B/SS","Adeiny Hechavarria",3100,"Was@Mia 07:10PM ET",7.077
"C","Chris Iannetta",3100,"Oak@LAA 10:05PM ET",4.778
"OF","Drew Stubbs",3100,"Col@SD 10:10PM ET",1.889
"1B/OF","Logan Morrison",3100,"Sea@Tex 08:05PM ET",3.143
"OF","Ryan Raburn",3100,"Cle@Det 07:08PM ET",4.091
"3B","Kevin Kouzmanoff",3000,"Sea@Tex 08:05PM ET",6.750
"C","Kurt Suzuki",3000,"Tor@Min 08:10PM ET",7.222
"C","Steve Clevenger",3000,"TB@Bal 07:05PM ET",4.600
"2B","Rickie Weeks",3000,"StL@Mil 08:10PM ET",1.875
"2B/OF","Alexi Amarista",3000,"Col@SD 10:10PM ET",4.636
"SS","Alcides Escobar",3000,"KC@Hou 08:10PM ET",4.000
"OF","Leonys Martin",3000,"Sea@Tex 08:05PM ET",5.364
"OF","Justin Ruggiano",3000,"ChC@NYY 07:05PM ET",2.625
"OF","Chris Denorfia",3000,"Col@SD 10:10PM ET",5.455
"3B/SS","Mike Aviles",2900,"Cle@Det 07:08PM ET",5.900
"OF","Brandon Barnes",2900,"Col@SD 10:10PM ET",3.333
"1B","Tommy Medica",2900,"Col@SD 10:10PM ET",1.429
"OF","David DeJesus",2900,"TB@Bal 07:05PM ET",4.000
"C","Francisco Cervelli",2900,"ChC@NYY 07:05PM ET",3.400
"SS","Ruben Tejada",2900,"NYM@Ari 09:40PM ET",3.727
"C","Anthony Recker",2900,"NYM@Ari 09:40PM ET",7.500
"OF","Tony Gwynn Jr.",2900,"Atl@Phi 07:05PM ET",3.778
"3B","Matt Dominguez",2900,"KC@Hou 08:10PM ET",5.077
"3B","Luis Valbuena",2900,"ChC@NYY 07:05PM ET",3.500
"2B/SS","Cliff Pennington",2900,"NYM@Ari 09:40PM ET",4.429
"1B","Travis Ishikawa",2900,"Pit@Cin 07:10PM ET",4.455
"C","Mike Zunino",2800,"Sea@Tex 08:05PM ET",7.556
"2B/3B","Eric Sogard",2800,"Oak@LAA 10:05PM ET",4.556
"2B/SS","Nick Punto",2800,"Oak@LAA 10:05PM ET",4.714
"OF","Michael Saunders",2800,"Sea@Tex 08:05PM ET",2.111
"3B/SS","John McDonald",2800,"Oak@LAA 10:05PM ET",4.200
"2B/3B","Jeff Baker",2800,"Was@Mia 07:10PM ET",4.333
"SS","Yunel Escobar",2800,"TB@Bal 07:05PM ET",3.692
"SS","Chris Owings",2700,"NYM@Ari 09:40PM ET",5.000
"1B/2B","Kevin Frandsen",2700,"Was@Mia 07:10PM ET",3.300
"OF","Justin Maxwell",2700,"KC@Hou 08:10PM ET",0.000
"3B/SS","Ramiro Pena",2700,"Atl@Phi 07:05PM ET",4.800
"1B/OF","Mike Carp",2700,"Bos@CWS 08:10PM ET",1.857
"1B","Lyle Overbay",2700,"StL@Mil 08:10PM ET",3.000
"2B/OF","Steve Lombardozzi",2700,"TB@Bal 07:05PM ET",4.800
"1B/SS","Alex Gonzalez",2700,"Cle@Det 07:08PM ET",4.571
"C/OF","Ryan Doumit",2700,"Atl@Phi 07:05PM ET",1.111
"OF","John Mayberry",2700,"Atl@Phi 07:05PM ET",4.571
"C","John Jaso",2700,"Oak@LAA 10:05PM ET",3.444
"OF","Jose Tabata",2700,"Pit@Cin 07:10PM ET",2.727
"OF","Ichiro Suzuki",2700,"ChC@NYY 07:05PM ET",4.556
"1B","Neftali Soto",2700,"Pit@Cin 07:10PM ET",0.667
"OF","Ryan Kalish",2700,"ChC@NYY 07:05PM ET",3.200
"1B","Josh Satin",2700,"NYM@Ari 09:40PM ET",2.667
"1B","Daric Barton",2700,"Oak@LAA 10:05PM ET",2.200
"2B/SS","Danny Espinosa",2700,"Was@Mia 07:10PM ET",3.600
"1B/OF","Tyler Moore",2700,"Was@Mia 07:10PM ET",0.000
"1B/3B","Greg Dobbs",2700,"Was@Mia 07:10PM ET",0.333
"OF","Chris Heisey",2700,"Pit@Cin 07:10PM ET",4.818
"2B/SS","Jordy Mercer",2600,"Pit@Cin 07:10PM ET",2.583
"OF","Jordan Schafer",2600,"Atl@Phi 07:05PM ET",0.778
"2B/3B","Logan Forsythe",2600,"TB@Bal 07:05PM ET",2.778
"SS","Jonathan Diaz",2600,"Tor@Min 08:10PM ET",3.364
"2B/SS","Elliot Johnson",2600,"Cle@Det 07:08PM ET",1.750
"OF","J.B. Shuck",2600,"Oak@LAA 10:05PM ET",11.333
"2B/SS","Josh Rutledge",2600,"Col@SD 10:10PM ET",5.333
"OF","Andrew Brown",2600,"NYM@Ari 09:40PM ET",5.400
"2B/SS","Ryan Goins",2600,"Tor@Min 08:10PM ET",1.308
"OF","Will Venable",2600,"Col@SD 10:10PM ET",3.083
"OF","Seth Smith",2600,"Col@SD 10:10PM ET",5.667
"2B/3B","Ryan Roberts",2500,"Bos@CWS 08:10PM ET",2.400
"OF","Ryan Sweeney",2500,"ChC@NYY 07:05PM ET",3.667
"C","Brett Hayes",2500,"KC@Hou 08:10PM ET",0.000
"C","John Buck",2500,"Sea@Tex 08:05PM ET",3.500
"OF","Xavier Nady",2500,"Col@SD 10:10PM ET",3.500
"1B/OF","Steve Pearce",2500,"TB@Bal 07:05PM ET",1.667
"3B/SS","Ryan Flaherty",2500,"TB@Bal 07:05PM ET",2.818
"2B/SS","Pedro Florimon",2500,"Tor@Min 08:10PM ET",3.000
"3B","Danny Valencia",2500,"KC@Hou 08:10PM ET",1.000
"C","Robinson Chirinos",2500,"Sea@Tex 08:05PM ET",6.000
"2B","Darwin Barney",2500,"ChC@NYY 07:05PM ET",2.091
"2B/SS","Scooter Gennett",2500,"StL@Mil 08:10PM ET",3.909
"C","Brayan Pena",2400,"Pit@Cin 07:10PM ET",4.375
"C","Wil Nieves",2400,"Atl@Phi 07:05PM ET",7.500
"2B/OF","Donovan Solano",2400,"Was@Mia 07:10PM ET",0.500
"OF","Tony Campana",2400,"NYM@Ari 09:40PM ET",4.111
"3B/SS","Jayson Nix",2400,"Atl@Phi 07:05PM ET",1.400
"C","Tony Sanchez",2400,"Pit@Cin 07:10PM ET",5.000
"2B/3B","Josh Wilson",2400,"Sea@Tex 08:05PM ET",4.125
"2B/SS","Leury Garcia",2400,"Bos@CWS 08:10PM ET",4.125
"3B/SS","Eduardo Escobar",2400,"Tor@Min 08:10PM ET",2.000
"C","Josh Thole",2300,"Tor@Min 08:10PM ET",2.250
"C","Carlos Corporan",2300,"KC@Hou 08:10PM ET",3.429
"2B/SS","Dean Anna",2300,"ChC@NYY 07:05PM ET",4.333
"C","Gerald Laird",2300,"Atl@Phi 07:05PM ET",2.000
"OF","Moises Sierra",2300,"Tor@Min 08:10PM ET",1.000
"1B/3B","Justin Turner",2200,"LAD@SF 10:15PM ET",2.143
"OF","Stefen Romero",2200,"Sea@Tex 08:05PM ET",2.800
"OF","Craig Gentry",2200,"Oak@LAA 10:05PM ET",0.000
"OF","Logan Schafer",2200,"StL@Mil 08:10PM ET",3.286
"OF","Shane Robinson",2200,"StL@Mil 08:10PM ET",1.125
"3B/OF","Chone Figgins",2200,"LAD@SF 10:15PM ET",1.571
"OF","Darin Mastroianni",2200,"Tor@Min 08:10PM ET",1.500
"OF","Steven Souza",2200,"Was@Mia 07:10PM ET",0.000
"OF","Brandon Guyer",2200,"TB@Bal 07:05PM ET",1.833
"OF","Juan Perez",2200,"LAD@SF 10:15PM ET",0.286
"OF","Tyler Collins",2200,"Cle@Det 07:08PM ET",1.429
"2B/SS","Daniel Descalso",2200,"StL@Mil 08:10PM ET",2.000
"SS","Clint Barmes",2200,"Pit@Cin 07:10PM ET",1.667
"OF","Collin Cowgill",2200,"Oak@LAA 10:05PM ET",3.625
"SS","Pete Kozma",2200,"StL@Mil 08:10PM ET",0.000
"3B/SS","Andrew Romine",2200,"Cle@Det 07:08PM ET",2.250
"OF","Roger Bernadina",2200,"Pit@Cin 07:10PM ET",1.500
"2B","Ramon Santiago",2200,"Pit@Cin 07:10PM ET",1.000
"2B/SS","Omar Quintanilla",2200,"NYM@Ari 09:40PM ET",4.333
"1B/C","Martin Maldonado",2200,"StL@Mil 08:10PM ET",4.500
"OF","Gregor Blanco",2200,"LAD@SF 10:15PM ET",1.400
"C","Nick Hundley",2200,"Col@SD 10:10PM ET",2.667
"OF","Reed Johnson",2200,"Was@Mia 07:10PM ET",2.000
"3B/SS","Willie Bloomquist",2200,"Sea@Tex 08:05PM ET",3.333
"OF","Jarrod Dyson",2200,"KC@Hou 08:10PM ET",0.600
"SS","Marwin Gonzalez",2200,"KC@Hou 08:10PM ET",1.250
"OF","Jim Adduci",2200,"Sea@Tex 08:05PM ET",3.167
"2B","Ehire Adrianza",2200,"LAD@SF 10:15PM ET",1.300
"3B/OF","Don Kelly",2200,"Cle@Det 07:08PM ET",3.833
"C","Jose Lobaton",2200,"Was@Mia 07:10PM ET",3.875
"OF","Jordan Danks",2200,"Bos@CWS 08:10PM ET",3.500
"C","Hector Sanchez",2200,"LAD@SF 10:15PM ET",2.000
"OF","Marc Krauss",2200,"KC@Hou 08:10PM ET",2.375
"C","David Ross",2200,"Bos@CWS 08:10PM ET",3.750
"C","Bryan Holaday",2100,"Cle@Det 07:08PM ET",0.000
"C","Rene Rivera",2100,"Col@SD 10:10PM ET",1.200
"2B","Freddy Galvis",2000,"Atl@Phi 07:05PM ET",2.000
"2B/SS","Munenori Kawasaki",2000,"Tor@Min 08:10PM ET",0
"2B/3B","Joaquin Arias",2000,"LAD@SF 10:15PM ET",1.750
"3B/SS","Jonathan Herrera",2000,"Bos@CWS 08:10PM ET",2.750
"3B","Josh Harrison",2000,"Pit@Cin 07:10PM ET",0.000
"C","Jeff Mathis",2000,"Was@Mia 07:10PM ET",4.000
"C","Ryan Hanigan",2000,"TB@Bal 07:05PM ET",4.000
"SS","Zach Walters",2000,"Was@Mia 07:10PM ET",0.000
"2B/SS","Tyler Pastornicky",2000,"Atl@Phi 07:05PM ET",4.000
"2B/SS","Jeff Bianchi",2000,"StL@Mil 08:10PM ET",2.000
"C","Tony Cruz",1900,"StL@Mil 08:10PM ET",1.000
"C","Tim Federowicz",1800,"LAD@SF 10:15PM ET",1.250
"C","Drew Butera",1800,"LAD@SF 10:15PM ET",4.000
"C","Chris Herrmann",1800,"Tor@Min 08:10PM ET",1.500
"C","John Baker",1800,"ChC@NYY 07:05PM ET",0.800
"C","Sandy Leon",1800,"Was@Mia 07:10PM ET",2.250
"C","Adrian Nieto",1800,"Bos@CWS 08:10PM ET",2.400
"C","Jose Molina",1800,"TB@Bal 07:05PM ET",0.600
"C","Tuffy Gosewisch",1800,"NYM@Ari 09:40PM ET",0.000
